#set( $symbol_pound = '#' )
#set( $symbol_dollar = '$' )
#set( $symbol_escape = '\' )
<?xml version="1.0" encoding="UTF-8"?>
<beans xmlns="http://www.springframework.org/schema/beans"
	xmlns:xsi="http://www.w3.org/2001/XMLSchema-instance" xmlns:p="http://www.springframework.org/schema/p"
	xmlns:jdbc="http://www.springframework.org/schema/jdbc" xmlns:jpa="http://www.springframework.org/schema/data/jpa"
	xsi:schemaLocation="http://www.springframework.org/schema/beans 
                           http://www.springframework.org/schema/beans/spring-beans.xsd
                           http://www.springframework.org/schema/jdbc 
                           http://www.springframework.org/schema/jdbc/spring-jdbc.xsd
                           http://www.springframework.org/schema/data/jpa
                           http://www.springframework.org/schema/data/jpa/spring-jpa.xsd">

	<jpa:repositories base-package="${package}.repository" entity-manager-factory-ref="sessionFactory"/>

	<bean id="sessionFactory"
		class="org.springframework.orm.jpa.LocalContainerEntityManagerFactoryBean">
		<property name="dataSource" ref="dataSource" />
		<property name="persistenceUnitName" value="spring-jpa"/>
		<property name="packagesToScan" value="${package}.domain" />
		<property name="jpaVendorAdapter">
			<bean class="org.springframework.orm.jpa.vendor.HibernateJpaVendorAdapter" />
		</property>
		<property name="jpaProperties">
			<props>
				<prop key="hibernate.hbm2ddl.auto">${symbol_dollar}{hibernate.hbm2ddl.auto}</prop>
				<prop key="hibernate.show_sql">${symbol_dollar}{hibernate.show.sql}</prop>
				<prop key="hibernate.format_sql">${symbol_dollar}{hibernate.format.sql}</prop>
				<prop key="hibernate.hbm2ddl.import_files_sql_extractor">${symbol_dollar}{hibernate.hbm2ddl.import.files.sql.extractor}</prop>
				<prop key="hibernate.dialect">${symbol_dollar}{hibernate.dialect}</prop>
				<prop key="hibernate.connection.characterEncoding">${symbol_dollar}{hibernate.connection.charSet}</prop>
				<prop key="hibernate.connection.charSet">${symbol_dollar}{hibernate.connection.charSet}</prop> 
                <prop key="hibernate.connection.useUnicode">${symbol_dollar}{hibernate.connection.useUnicode}</prop>
			</props>
		</property>
	</bean>

	<bean id="transactionManager" class="org.springframework.orm.jpa.JpaTransactionManager">
		<property name="entityManagerFactory" ref="sessionFactory" />
	</bean>

	<bean id="dataSource"
		class="org.springframework.jdbc.datasource.DriverManagerDataSource">
		<property name="driverClassName" value="${symbol_dollar}{jdbc.driverClassName}" />
		<property name="url" value="${symbol_dollar}{jdbc.url}" />
		<property name="username" value="${symbol_dollar}{jdbc.username}" />
		<property name="password" value="${symbol_dollar}{jdbc.password}" />
	</bean>

</beans>