#set( $symbol_pound = '#' )
#set( $symbol_dollar = '$' )
#set( $symbol_escape = '\' )
<?xml version="1.0" encoding="UTF-8"?>
<beans xmlns="http://www.springframework.org/schema/beans"
	xmlns:xsi="http://www.w3.org/2001/XMLSchema-instance"
	xsi:schemaLocation="http://www.springframework.org/schema/beans
        http://www.springframework.org/schema/beans/spring-beans.xsd">


	<import resource="classpath:${artifactId}-velocity-context.xml"/>

	<bean id="mailSender" class="org.springframework.mail.javamail.JavaMailSenderImpl">
		<property name="host" value="${symbol_dollar}{mail.host}"/>
        <property name="port" value="${symbol_dollar}{mail.port}"/>
        <property name="username" value="${symbol_dollar}{mail.user}"/>
        <property name="password" value="${symbol_dollar}{mail.pass}"/>
        <property name="javaMailProperties">
            <props>
                <prop key="mail.transport.protocol">smtp</prop>
                <prop key="mail.smtp.auth">true</prop>
                <prop key="mail.smtp.starttls.enable">true</prop>
                <prop key="mail.smtp.quitwait">false</prop>
                <prop key="mail.smtp.socketFactory.class">javax.net.ssl.SSLSocketFactory</prop>
                <prop key="mail.smtp.socketFactory.fallback">false</prop>
                <prop key="mail.debug">false</prop>
            </props>
        </property>
	</bean>


</beans>