#set( $symbol_pound = '#' )
#set( $symbol_dollar = '$' )
#set( $symbol_escape = '\' )
<beans:beans xmlns="http://www.springframework.org/schema/security"
	xmlns:beans="http://www.springframework.org/schema/beans" xmlns:xsi="http://www.w3.org/2001/XMLSchema-instance"
	xsi:schemaLocation="http://www.springframework.org/schema/beans
	http://www.springframework.org/schema/beans/spring-beans-4.1.xsd
	http://www.springframework.org/schema/security
	http://www.springframework.org/schema/security/spring-security-4.1.xsd">

	<http auto-config="true">
		<!-- enable csrf protection -->
		<csrf disabled="true" />

		<form-login login-processing-url="/j_spring_security_check" 
			username-parameter="username" password-parameter="password"
			login-page="/plain/login.html" always-use-default-target="false"
			default-target-url="/index" authentication-success-handler-ref="myAuthenticationSuccessHandler"
			authentication-failure-url="/plain/login.html?error=invalid_user" />

		<logout invalidate-session="true" logout-url="/j_spring_security_logout"
			logout-success-url="/plain/login.html?loggedout=true" delete-cookies="JSESSIONID" />
			
		<remember-me key="uniqueAndSecret" remember-me-cookie="${artifactId}-control" token-validity-seconds="86400"/>

		<intercept-url pattern="/*/dashboard.html" access="isAuthenticated()" />

		<intercept-url pattern="/_cdn/**" access="permitAll()" />
	</http>
	
	<beans:bean id="myAuthenticationSuccessHandler" class="${package}.handler.MySimpleUrlAuthenticationSuccessHandler" />

	<authentication-manager>
		<authentication-provider>
			<password-encoder hash="sha-256" />
			<jdbc-user-service data-source-ref="dataSource"
				users-by-username-query="SELECT U.email AS login, U.senha AS password, U.enable AS enabled FROM tb_usuario U WHERE U.email = ? "
				authorities-by-username-query="SELECT users.email AS login, role.role AS role FROM 
                tb_usuario users,
                tb_perfil_role profile_role,
                tb_role role WHERE 
                	users.perfil_id = profile_role.perfil_id AND
                	profile_role.role_id = role.id AND     
                	users.email = ? " />
		</authentication-provider>
	</authentication-manager>
	<global-method-security secured-annotations="enabled" />

</beans:beans>