#set( $symbol_pound = '#' )
#set( $symbol_dollar = '$' )
#set( $symbol_escape = '\' )
<?xml version="1.0" encoding="UTF-8"?>
<beans xmlns="http://www.springframework.org/schema/beans"
	xmlns:xsi="http://www.w3.org/2001/XMLSchema-instance" xmlns:p="http://www.springframework.org/schema/p"
	xmlns:mvc="http://www.springframework.org/schema/mvc" xmlns:context="http://www.springframework.org/schema/context"
	xsi:schemaLocation="
        http://www.springframework.org/schema/beans
        http://www.springframework.org/schema/beans/spring-beans.xsd
        http://www.springframework.org/schema/mvc
        http://www.springframework.org/schema/mvc/spring-mvc.xsd
        http://www.springframework.org/schema/context
        http://www.springframework.org/schema/context/spring-context.xsd">

	<context:component-scan base-package="${package}" />

	<bean
		class="org.springframework.beans.factory.config.PropertyPlaceholderConfigurer">
		<property name="locations">
			<list>
				<value>classpath:database-config.properties</value>
				<value>classpath:mail-config.properties</value>
				<value>classpath:${artifactId}-config.properties</value>
				<value>classpath:${artifactId}-message.properties</value>
			</list>
		</property>
	</bean>

	<bean id="messageSource"
		class="org.springframework.context.support.ResourceBundleMessageSource">
		<property name="basenames" value="${artifactId}-config, ${artifactId}-message" />
		<property name="defaultEncoding" value="UTF-8" />
	</bean>

	<mvc:annotation-driven>
		<mvc:message-converters>
			<bean
				class="org.springframework.http.converter.ResourceHttpMessageConverter" />
			<bean
				class="org.springframework.http.converter.json.MappingJackson2HttpMessageConverter" />
		</mvc:message-converters>
	</mvc:annotation-driven>

	<bean
		class="org.springframework.web.servlet.view.InternalResourceViewResolver">
		<property name="prefix" value="/_app/" />
		<property name="suffix" value=".jsp" />
	</bean>

	<mvc:resources mapping="/**" location="/_app/" />

	<import resource="${artifactId}-spring-datasource.xml" />
	<import resource="classpath:${artifactId}-services-context.xml" />

</beans>