<?xml version="1.0" encoding="UTF-8"?>
<archetype-descriptor xsi:schemaLocation="http://maven.apache.org/plugins/maven-archetype-plugin/archetype-descriptor/1.0.0 http://maven.apache.org/xsd/archetype-descriptor-1.0.0.xsd" name="makersweb"
    xmlns="http://maven.apache.org/plugins/maven-archetype-plugin/archetype-descriptor/1.0.0"
    xmlns:xsi="http://www.w3.org/2001/XMLSchema-instance">
  <fileSets>
    <fileSet filtered="true" packaged="true" encoding="UTF-8">
      <directory>src/main/java</directory>
      <includes>
        <include>**/*.java</include>
      </includes>
    </fileSet>
    <fileSet filtered="true" encoding="UTF-8">
      <directory>src/main/resources</directory>
      <includes>
        <include>**/*.xml</include>
        <include>**/*.vm</include>
        <include>**/*.properties</include>
      </includes>
    </fileSet>
    <fileSet filtered="true" encoding="UTF-8">
      <directory>src/main/webapp</directory>
      <includes>
        <include>**/*.txt</include>
        <include>**/*.jsp</include>
        <include>**/*.xml</include>
        <include>**/*.html</include>
      </includes>
    </fileSet>
    <fileSet encoding="UTF-8">
      <directory>src/main/webapp</directory>
      <includes>
        <include>**/*.css</include>
        <include>**/*.svg</include>
        <include>**/*.ttf</include>
        <include>**/*.png</include>
        <include>**/*.js</include>
        <include>**/*.json</include>
        <include>**/*.eot</include>
        <include>**/*.woff</include>
      </includes>
    </fileSet>
    <fileSet filtered="true" packaged="true" encoding="UTF-8">
      <directory>src/test/java</directory>
      <includes>
        <include>**/*.java</include>
      </includes>
    </fileSet>
    <fileSet filtered="true" encoding="UTF-8">
      <directory>src/test/resources</directory>
      <includes>
        <include>**/*.xml</include>
        <include>**/*.vm</include>
        <include>**/*.properties</include>
      </includes>
    </fileSet>
    <fileSet filtered="true" encoding="UTF-8">
      <directory>.settings</directory>
      <includes>
        <include>**/*.xml</include>
      </includes>
    </fileSet>
    <fileSet encoding="UTF-8">
      <directory>.settings</directory>
      <includes>
        <include>**/*.container</include>
        <include>**/*.component</include>
        <include>**/*.name</include>
        <include>**/*.jsdtscope</include>
        <include>**/*.prefs</include>
      </includes>
    </fileSet>
    <fileSet filtered="true" encoding="UTF-8">
      <directory></directory>
      <includes>
        <include>.classpath</include>
        <include>.project</include>
      </includes>
    </fileSet>
    <fileSet encoding="UTF-8">
      <directory></directory>
      <includes>
        <include>.gitignore</include>
      </includes>
    </fileSet>
  </fileSets>
</archetype-descriptor>
